Ä®·Î¸®1,Ä®·Î¸®2,Ä®·Î¸®3
509,511,512
491,493,494
501,503,504
502,504,505
498,500,501
503,505,506
497,499,500
490,492,493
504,506,507
502,504,505
499,501,502
508,510,511
504,506,507
500,502,503
494,496,497
502,504,505
501,503,504
501,503,504
501,503,504
497,499,500
501,503,504
496,498,499
500,502,503
497,499,500
495,497,498
499,501,502
494,496,497
498,500,501
494,496,497
498,500,501
496,498,499
503,505,506
497,499,500
500,502,503
493,495,496
499,501,502
503,505,506
497,499,500
502,504,505
500,502,503
600,600,600
